edition,source_id,age_wk,bw_g,bw_basis,bw_g_min,bw_g_max,feed_g_d,feed_g_d_min,feed_g_d_max,feed_cum_g_min,feed_cum_g_max,lay_pct_hd,egg_wt_g,egg_mass_g_d,fcr_week,eggs_hh_cum,egg_mass_hh_cum_kg,feed_cum_kg,fcr_cum,livability_pct,grade_S_lt53_pct,grade_M_53_63_pct,grade_L_63_73_pct,grade_XL_gt73_pct
SEA,S2,1,68.0,rearing table min-max midpoint,66.0,70.0,10.0,9.0,11.0,66.0,80.0,,,,,,,,,,,,,
SEA,S2,2,124.5,rearing table min-max midpoint,121.0,128.0,16.0,15.0,17.0,171.0,199.0,,,,,,,,,,,,,
SEA,S2,3,211.5,rearing table min-max midpoint,206.0,217.0,24.0,23.0,25.0,332.0,374.0,,,,,,,,,,,,,
SEA,S2,4,295.0,rearing table min-max midpoint,288.0,302.0,31.0,30.0,32.0,542.0,598.0,,,,,,,,,,,,,
SEA,S2,5,393.0,rearing table min-max midpoint,383.0,403.0,36.0,35.0,37.0,787.0,857.0,,,,,,,,,,,,,
SEA,S2,6,491.5,rearing table min-max midpoint,479.0,504.0,41.0,40.0,42.0,1067.0,1151.0,,,,,,,,,,,,,
SEA,S2,7,588.5,rearing table min-max midpoint,574.0,603.0,45.0,44.0,46.0,1375.0,1473.0,,,,,,,,,,,,,
SEA,S2,8,689.0,rearing table min-max midpoint,672.0,706.0,49.0,48.0,50.0,1711.0,1823.0,,,,,,,,,,,,,
SEA,S2,9,789.0,rearing table min-max midpoint,769.0,809.0,53.0,52.0,54.0,2075.0,2201.0,,,,,,,,,,,,,
SEA,S2,10,889.0,rearing table min-max midpoint,867.0,911.0,57.0,56.0,58.0,2467.0,2607.0,,,,,,,,,,,,,
SEA,S2,11,986.5,rearing table min-max midpoint,962.0,1011.0,60.0,59.0,61.0,2880.0,3034.0,,,,,,,,,,,,,
SEA,S2,12,1083.0,rearing table min-max midpoint,1056.0,1110.0,63.0,62.0,64.0,3314.0,3482.0,,,,,,,,,,,,,
SEA,S2,13,1176.5,rearing table min-max midpoint,1147.0,1206.0,66.0,65.0,67.0,3769.0,3951.0,,,,,,,,,,,,,
SEA,S2,14,1275.0,rearing table min-max midpoint,1243.0,1307.0,69.0,68.0,70.0,4245.0,4441.0,,,,,,,,,,,,,
SEA,S2,15,1346.5,rearing table min-max midpoint,1313.0,1380.0,72.0,71.0,73.0,4742.0,4952.0,,,,,,,,,,,,,
SEA,S2,16,1424.5,rearing table min-max midpoint,1389.0,1460.0,76.0,75.0,77.0,5267.0,5491.0,,,,,,,,,,,,,
SEA,S2,17,1495.0,rearing table min-max midpoint,1458.0,1532.0,82.0,81.0,83.0,5837.0,6075.0,,,,,,,,,,,,,
SEA,S2,18,1554.0,production table (per hen housed),1515.0,1593.0,89.0,88.0,90.0,6453.0,6705.0,4.0,41.1,1.6,54.74,0.0,0.0,0.6,54.74,99.9,100.0,0.0,0.0,0.0
SEA,S2,19,1590.0,production table (per hen housed),,,95.0,,,,,15.9,44.7,7.1,13.36,1.0,0.1,1.3,21.06,99.8,99.0,1.0,0.0,0.0
SEA,S2,20,1632.0,production table (per hen housed),,,100.0,,,,,41.8,47.8,19.9,5.01,4.0,0.2,2.0,9.91,99.7,91.5,8.5,0.0,0.0
SEA,S2,21,1663.0,production table (per hen housed),,,104.0,,,,,67.9,50.4,34.2,3.04,9.0,0.4,2.7,6.17,99.6,74.2,25.7,0.1,0.0
SEA,S2,22,1698.0,production table (per hen housed),,,107.0,,,,,86.4,52.6,45.4,2.35,15.0,0.8,3.5,4.57,99.5,53.9,45.4,0.7,0.0
SEA,S2,23,1719.0,production table (per hen housed),,,109.0,,,,,94.8,54.4,51.6,2.11,22.0,1.1,4.2,3.78,99.4,37.1,60.4,2.5,0.0
SEA,S2,24,1736.0,production table (per hen housed),,,111.0,,,,,96.3,56.0,53.9,2.05,28.0,1.5,5.0,3.34,99.3,25.4,68.8,5.8,0.0
SEA,S2,25,1751.0,production table (per hen housed),,,112.0,,,,,96.8,57.2,55.4,2.02,35.0,1.9,5.8,3.07,99.2,17.8,71.8,10.3,0.0
SEA,S2,26,1764.0,production table (per hen housed),,,113.0,,,,,96.9,58.3,56.5,2.01,42.0,2.3,6.5,2.89,99.1,13.0,71.6,15.3,0.1
SEA,S2,27,1775.0,production table (per hen housed),,,114.0,,,,,97.0,59.2,57.4,1.99,49.0,2.7,7.3,2.75,99.0,9.5,69.4,20.9,0.2
SEA,S2,28,1786.0,production table (per hen housed),,,115.0,,,,,97.0,59.7,57.9,1.98,55.0,3.1,8.1,2.65,98.9,7.9,67.3,24.4,0.3
SEA,S2,29,1795.0,production table (per hen housed),,,115.0,,,,,97.0,60.3,58.4,1.97,62.0,3.5,8.9,2.57,98.8,6.6,64.9,28.0,0.4
SEA,S2,30,1804.0,production table (per hen housed),,,115.0,,,,,96.9,60.7,58.8,1.96,69.0,3.9,9.7,2.51,98.8,5.7,62.8,30.9,0.6
SEA,S2,31,1811.0,production table (per hen housed),,,115.0,,,,,96.8,61.0,59.0,1.95,75.0,4.3,10.5,2.45,98.7,5.1,61.0,33.3,0.7
SEA,S2,32,1818.0,production table (per hen housed),,,115.0,,,,,96.7,61.2,59.2,1.94,82.0,4.7,11.3,2.41,98.6,4.6,59.4,35.1,0.8
SEA,S2,33,1824.0,production table (per hen housed),,,115.0,,,,,96.5,61.4,59.3,1.94,89.0,5.1,12.1,2.37,98.5,4.3,58.2,36.6,0.9
SEA,S2,34,1830.0,production table (per hen housed),,,115.0,,,,,96.3,61.6,59.4,1.94,95.0,5.5,12.9,2.34,98.4,4.0,57.1,37.9,1.0
SEA,S2,35,1836.0,production table (per hen housed),,,115.0,,,,,96.2,61.8,59.4,1.94,102.0,5.9,13.7,2.31,98.3,3.8,56.1,38.9,1.1
SEA,S2,36,1841.0,production table (per hen housed),,,115.0,,,,,96.0,61.9,59.4,1.94,109.0,6.3,14.5,2.29,98.2,3.6,55.2,39.9,1.2
SEA,S2,37,1845.0,production table (per hen housed),,,115.0,,,,,95.8,62.0,59.4,1.94,115.0,6.7,15.3,2.27,98.1,3.5,54.4,40.8,1.3
SEA,S2,38,1850.0,production table (per hen housed),,,115.0,,,,,95.6,62.1,59.4,1.94,122.0,7.1,16.1,2.25,98.0,3.3,53.8,41.4,1.4
SEA,S2,39,1854.0,production table (per hen housed),,,115.0,,,,,95.4,62.2,59.3,1.94,128.0,7.5,16.8,2.23,97.9,3.2,53.2,42.1,1.5
SEA,S2,40,1858.0,production table (per hen housed),,,115.0,,,,,95.2,62.3,59.3,1.94,135.0,8.0,17.6,2.22,97.8,3.1,52.5,42.8,1.6
SEA,S2,41,1862.0,production table (per hen housed),,,115.0,,,,,95.0,62.4,59.2,1.94,141.0,8.4,18.4,2.2,97.7,3.0,52.1,43.2,1.6
SEA,S2,42,1865.0,production table (per hen housed),,,115.0,,,,,94.8,62.4,59.1,1.95,148.0,8.8,19.2,2.19,97.6,3.0,51.9,43.5,1.7
SEA,S2,43,1869.0,production table (per hen housed),,,115.0,,,,,94.6,62.4,59.0,1.95,154.0,9.2,20.0,2.18,97.5,3.0,51.8,43.5,1.7
SEA,S2,44,1873.0,production table (per hen housed),,,115.0,,,,,94.3,62.4,58.9,1.95,161.0,9.6,20.8,2.17,97.4,3.0,51.7,43.7,1.7
SEA,S2,45,1877.0,production table (per hen housed),,,115.0,,,,,94.1,62.4,58.8,1.96,167.0,10.0,21.6,2.16,97.3,2.9,51.6,43.8,1.7
SEA,S2,46,1880.0,production table (per hen housed),,,115.0,,,,,93.9,62.5,58.7,1.96,173.0,10.4,22.3,2.15,97.2,2.9,51.4,44.0,1.7
SEA,S2,47,1883.0,production table (per hen housed),,,115.0,,,,,93.7,62.5,58.5,1.96,180.0,10.8,23.1,2.15,97.1,2.9,51.2,44.1,1.8
SEA,S2,48,1887.0,production table (per hen housed),,,115.0,,,,,93.4,62.5,58.4,1.97,186.0,11.2,23.9,2.14,97.0,2.9,51.0,44.3,1.8
SEA,S2,49,1889.0,production table (per hen housed),,,115.0,,,,,93.1,62.5,58.3,1.97,192.0,11.6,24.7,2.14,96.9,2.8,50.8,44.5,1.8
SEA,S2,50,1892.0,production table (per hen housed),,,115.0,,,,,92.7,62.6,58.0,1.98,199.0,11.9,25.5,2.13,96.8,2.8,50.6,44.7,1.9
SEA,S2,51,1896.0,production table (per hen housed),,,115.0,,,,,92.4,62.6,57.8,1.99,205.0,12.3,26.2,2.13,96.7,2.8,50.5,44.9,1.9
SEA,S2,52,1898.0,production table (per hen housed),,,115.0,,,,,92.2,62.6,57.7,1.99,211.0,12.7,27.0,2.12,96.6,2.7,50.3,45.1,1.9
SEA,S2,53,1901.0,production table (per hen housed),,,115.0,,,,,91.9,62.6,57.6,2.0,217.0,13.1,27.8,2.12,96.5,2.7,50.1,45.3,1.9
SEA,S2,54,1904.0,production table (per hen housed),,,115.0,,,,,91.6,62.7,57.4,2.0,224.0,13.5,28.6,2.11,96.4,2.7,49.9,45.4,2.0
SEA,S2,55,1907.0,production table (per hen housed),,,115.0,,,,,91.3,62.7,57.3,2.01,230.0,13.9,29.3,2.11,96.4,2.7,49.7,45.6,2.0
SEA,S2,56,1908.0,production table (per hen housed),,,115.0,,,,,91.1,62.7,57.1,2.01,236.0,14.3,30.1,2.11,96.3,2.6,49.5,45.8,2.0
SEA,S2,57,1910.0,production table (per hen housed),,,115.0,,,,,90.8,62.8,57.0,2.02,242.0,14.7,30.9,2.11,96.2,2.6,49.3,46.0,2.1
SEA,S2,58,1912.0,production table (per hen housed),,,115.0,,,,,90.5,62.8,56.8,2.02,248.0,15.0,31.7,2.1,96.1,2.6,49.2,46.2,2.1
SEA,S2,59,1914.0,production table (per hen housed),,,115.0,,,,,90.2,62.8,56.7,2.03,254.0,15.4,32.4,2.1,96.0,2.5,49.0,46.4,2.1
SEA,S2,60,1916.0,production table (per hen housed),,,115.0,,,,,89.9,62.8,56.5,2.04,260.0,15.8,33.2,2.1,95.9,2.5,48.8,46.5,2.2
SEA,S2,61,1918.0,production table (per hen housed),,,115.0,,,,,89.6,62.9,56.3,2.04,266.0,16.2,34.0,2.1,95.8,2.5,48.6,46.7,2.2
SEA,S2,62,1920.0,production table (per hen housed),,,115.0,,,,,89.3,62.9,56.2,2.05,272.0,16.6,34.8,2.1,95.7,2.5,48.4,46.9,2.2
SEA,S2,63,1921.0,production table (per hen housed),,,115.0,,,,,89.0,62.9,56.0,2.05,278.0,16.9,35.5,2.1,95.6,2.4,48.2,47.1,2.3
SEA,S2,64,1922.0,production table (per hen housed),,,115.0,,,,,88.7,62.9,55.9,2.06,284.0,17.3,36.3,2.1,95.5,2.4,48.0,47.3,2.3
SEA,S2,65,1924.0,production table (per hen housed),,,115.0,,,,,88.4,63.0,55.7,2.06,290.0,17.7,37.1,2.1,95.4,2.4,47.8,47.4,2.3
SEA,S2,66,1926.0,production table (per hen housed),,,115.0,,,,,88.1,63.0,55.5,2.07,296.0,18.0,37.8,2.1,95.3,2.4,47.7,47.6,2.4
SEA,S2,67,1927.0,production table (per hen housed),,,115.0,,,,,87.8,63.0,55.4,2.08,302.0,18.4,38.6,2.1,95.2,2.3,47.5,47.8,2.4
SEA,S2,68,1928.0,production table (per hen housed),,,115.0,,,,,87.5,63.1,55.2,2.08,307.0,18.8,39.4,2.09,95.1,2.3,47.3,48.0,2.4
SEA,S2,69,1930.0,production table (per hen housed),,,115.0,,,,,87.2,63.1,55.0,2.09,313.0,19.2,40.1,2.09,95.0,2.3,47.1,48.2,2.5
SEA,S2,70,1930.0,production table (per hen housed),,,115.0,,,,,86.9,63.1,54.9,2.1,319.0,19.5,40.9,2.09,94.9,2.3,46.9,48.3,2.5
SEA,S2,71,1932.0,production table (per hen housed),,,115.0,,,,,86.6,63.1,54.7,2.1,325.0,19.9,41.6,2.1,94.8,2.2,46.7,48.5,2.5
SEA,S2,72,1933.0,production table (per hen housed),,,115.0,,,,,86.3,63.2,54.5,2.11,331.0,20.2,42.4,2.1,94.7,2.2,46.5,48.7,2.6
SEA,S2,73,1934.0,production table (per hen housed),,,115.0,,,,,86.0,63.2,54.3,2.12,336.0,20.6,43.2,2.1,94.6,2.2,46.3,48.9,2.6
SEA,S2,74,1935.0,production table (per hen housed),,,115.0,,,,,85.7,63.2,54.2,2.12,342.0,21.0,43.9,2.1,94.5,2.2,46.2,49.0,2.6
SEA,S2,75,1936.0,production table (per hen housed),,,115.0,,,,,85.4,63.2,54.0,2.13,348.0,21.3,44.7,2.1,94.4,2.1,46.0,49.2,2.7
SEA,S2,76,1937.0,production table (per hen housed),,,115.0,,,,,85.1,63.3,53.8,2.14,353.0,21.7,45.5,2.1,94.3,2.1,45.8,49.4,2.7
SEA,S2,77,1938.0,production table (per hen housed),,,115.0,,,,,84.7,63.3,53.6,2.14,359.0,22.0,46.2,2.1,94.2,2.1,45.6,49.5,2.8
SEA,S2,78,1938.0,production table (per hen housed),,,115.0,,,,,84.4,63.3,53.5,2.15,364.0,22.4,47.0,2.1,94.1,2.1,45.4,49.7,2.8
SEA,S2,79,1939.0,production table (per hen housed),,,115.0,,,,,84.1,63.3,53.3,2.16,370.0,22.7,47.7,2.1,94.0,2.1,45.2,49.9,2.8
SEA,S2,80,1940.0,production table (per hen housed),,,115.0,,,,,83.8,63.4,53.1,2.17,375.0,23.1,48.5,2.1,94.0,2.0,45.0,50.1,2.9
SEA,S2,81,1940.0,production table (per hen housed),,,115.0,,,,,83.5,63.4,52.9,2.17,381.0,23.4,49.2,2.1,93.9,2.0,44.8,50.2,2.9
SEA,S2,82,1941.0,production table (per hen housed),,,115.0,,,,,83.2,63.4,52.7,2.18,386.0,23.8,50.0,2.1,93.8,2.0,44.6,50.4,3.0
SEA,S2,83,1942.0,production table (per hen housed),,,115.0,,,,,82.8,63.5,52.6,2.19,392.0,24.1,50.7,2.1,93.7,2.0,44.5,50.6,3.0
SEA,S2,84,1942.0,production table (per hen housed),,,115.0,,,,,82.5,63.5,52.4,2.2,397.0,24.5,51.5,2.11,93.6,2.0,44.3,50.7,3.0
SEA,S2,85,1943.0,production table (per hen housed),,,115.0,,,,,82.2,63.5,52.2,2.2,403.0,24.8,52.3,2.11,93.5,1.9,44.1,50.9,3.1
SEA,S2,86,1943.0,production table (per hen housed),,,115.0,,,,,81.9,63.5,52.0,2.21,408.0,25.1,53.0,2.11,93.4,1.9,43.9,51.1,3.1
SEA,S2,87,1944.0,production table (per hen housed),,,115.0,,,,,81.6,63.6,51.8,2.22,413.0,25.5,53.8,2.11,93.3,1.9,43.7,51.2,3.2
SEA,S2,88,1944.0,production table (per hen housed),,,115.0,,,,,81.2,63.6,51.7,2.23,419.0,25.8,54.5,2.11,93.2,1.9,43.5,51.4,3.2
SEA,S2,89,1944.0,production table (per hen housed),,,115.0,,,,,80.9,63.6,51.5,2.23,424.0,26.2,55.3,2.11,93.1,1.8,43.3,51.6,3.3
SEA,S2,90,1945.0,production table (per hen housed),,,115.0,,,,,80.6,63.6,51.3,2.24,429.0,26.5,56.0,2.11,93.0,1.8,43.1,51.7,3.3
SEA,S2,91,1945.0,production table (per hen housed),,,115.0,,,,,80.3,63.7,51.1,2.25,434.0,26.8,56.8,2.12,92.9,1.8,43.0,51.9,3.3
SEA,S2,92,1945.0,production table (per hen housed),,,115.0,,,,,79.9,63.7,50.9,2.26,439.0,27.1,57.5,2.12,92.8,1.8,42.8,52.0,3.4
SEA,S2,93,1946.0,production table (per hen housed),,,115.0,,,,,79.6,63.7,50.7,2.27,445.0,27.5,58.2,2.12,92.7,1.8,42.6,52.2,3.4
SEA,S2,94,1946.0,production table (per hen housed),,,115.0,,,,,79.3,63.8,50.6,2.27,450.0,27.8,59.0,2.12,92.6,1.8,42.4,52.4,3.5
SEA,S2,95,1946.0,production table (per hen housed),,,115.0,,,,,79.0,63.8,50.4,2.28,455.0,28.1,59.7,2.12,92.5,1.7,42.2,52.5,3.5
SEA,S2,96,1947.0,production table (per hen housed),,,115.0,,,,,78.6,63.8,50.2,2.29,460.0,28.5,60.5,2.13,92.4,1.7,42.0,52.7,3.6
SEA,S2,97,1947.0,production table (per hen housed),,,115.0,,,,,78.3,63.8,50.0,2.3,465.0,28.8,61.2,2.13,92.3,1.7,41.8,52.8,3.6
SEA,S2,98,1947.0,production table (per hen housed),,,115.0,,,,,78.0,63.9,49.8,2.31,470.0,29.1,62.0,2.13,92.2,1.7,41.7,53.0,3.7
SEA,S2,99,1948.0,production table (per hen housed),,,115.0,,,,,77.7,63.9,49.6,2.32,475.0,29.4,62.7,2.13,92.1,1.7,41.5,53.1,3.7
SEA,S2,100,1948.0,production table (per hen housed),,,115.0,,,,,77.3,63.9,49.4,2.33,480.0,29.7,63.4,2.13,92.0,1.6,41.3,53.3,3.8
GLOBAL,S3,1,60.5,rearing table min-max midpoint,59.0,62.0,10.0,9.0,11.0,63.0,77.0,,,,,,,,,,,,,
GLOBAL,S3,2,115.0,rearing table min-max midpoint,112.0,118.0,16.0,15.0,17.0,168.0,196.0,,,,,,,,,,,,,
GLOBAL,S3,3,170.0,rearing table min-max midpoint,166.0,174.0,24.0,23.0,25.0,329.0,371.0,,,,,,,,,,,,,
GLOBAL,S3,4,240.0,rearing table min-max midpoint,234.0,246.0,31.0,30.0,32.0,539.0,595.0,,,,,,,,,,,,,
GLOBAL,S3,5,330.0,rearing table min-max midpoint,322.0,338.0,36.0,35.0,37.0,784.0,854.0,,,,,,,,,,,,,
GLOBAL,S3,6,430.0,rearing table min-max midpoint,419.0,441.0,41.0,40.0,42.0,1064.0,1148.0,,,,,,,,,,,,,
GLOBAL,S3,7,530.0,rearing table min-max midpoint,517.0,543.0,45.0,44.0,46.0,1372.0,1470.0,,,,,,,,,,,,,
GLOBAL,S3,8,620.5,rearing table min-max midpoint,605.0,636.0,49.0,48.0,50.0,1708.0,1820.0,,,,,,,,,,,,,
GLOBAL,S3,9,710.0,rearing table min-max midpoint,692.0,728.0,53.0,52.0,54.0,2072.0,2198.0,,,,,,,,,,,,,
GLOBAL,S3,10,800.0,rearing table min-max midpoint,780.0,820.0,57.0,56.0,58.0,2464.0,2604.0,,,,,,,,,,,,,
GLOBAL,S3,11,890.0,rearing table min-max midpoint,868.0,912.0,60.0,59.0,61.0,2877.0,3031.0,,,,,,,,,,,,,
GLOBAL,S3,12,985.0,rearing table min-max midpoint,960.0,1010.0,63.0,62.0,64.0,3311.0,3479.0,,,,,,,,,,,,,
GLOBAL,S3,13,1080.0,rearing table min-max midpoint,1053.0,1107.0,66.0,65.0,67.0,3766.0,3948.0,,,,,,,,,,,,,
GLOBAL,S3,14,1165.0,rearing table min-max midpoint,1136.0,1194.0,69.0,68.0,70.0,4242.0,4438.0,,,,,,,,,,,,,
GLOBAL,S3,15,1250.0,rearing table min-max midpoint,1219.0,1281.0,72.0,71.0,73.0,4739.0,4949.0,,,,,,,,,,,,,
GLOBAL,S3,16,1335.0,rearing table min-max midpoint,1302.0,1368.0,75.0,74.0,76.0,5257.0,5481.0,,,,,,,,,,,,,
GLOBAL,S3,17,1410.0,rearing table min-max midpoint,1375.0,1445.0,80.0,79.0,81.0,5812.0,6050.0,,,,,,,,,,,,,
GLOBAL,S3,18,1460.0,production table (per hen housed),1424.0,1497.0,87.0,86.0,88.0,6414.0,6666.0,4.5,40.6,1.8,48.09,0.0,0.0,0.6,48.09,99.9,100.0,0.0,0.0,0.0
GLOBAL,S3,19,1525.0,production table (per hen housed),,,93.0,,,,,16.4,44.2,7.3,12.82,1.0,0.1,1.3,19.87,99.8,99.4,0.6,0.0,0.0
GLOBAL,S3,20,1595.0,production table (per hen housed),,,98.0,,,,,42.3,47.3,20.0,4.91,4.0,0.2,1.9,9.58,99.7,93.5,6.4,0.0,0.0
GLOBAL,S3,21,1650.0,production table (per hen housed),,,102.0,,,,,68.4,49.9,34.1,2.99,9.0,0.4,2.7,6.02,99.6,78.3,21.6,0.1,0.0
GLOBAL,S3,22,1705.0,production table (per hen housed),,,105.0,,,,,86.9,52.1,45.3,2.32,15.0,0.8,3.4,4.48,99.5,58.7,40.9,0.4,0.0
GLOBAL,S3,23,1745.0,production table (per hen housed),,,107.0,,,,,95.3,53.9,51.4,2.08,22.0,1.1,4.1,3.71,99.4,41.4,56.8,1.8,0.0
GLOBAL,S3,24,1778.0,production table (per hen housed),,,109.0,,,,,96.8,55.5,53.7,2.03,29.0,1.5,4.9,3.29,99.3,28.9,66.6,4.5,0.0
GLOBAL,S3,25,1800.0,production table (per hen housed),,,111.0,,,,,97.3,56.7,55.2,2.01,35.0,1.9,5.7,3.02,99.2,20.6,71.1,8.3,0.0
GLOBAL,S3,26,1820.0,production table (per hen housed),,,112.0,,,,,97.4,57.8,56.3,1.99,42.0,2.3,6.4,2.85,99.1,15.2,72.0,12.8,0.0
GLOBAL,S3,27,1840.0,production table (per hen housed),,,113.0,,,,,97.5,58.7,57.2,1.97,49.0,2.7,7.2,2.72,99.0,11.2,70.8,17.9,0.1
GLOBAL,S3,28,1855.0,production table (per hen housed),,,114.0,,,,,97.5,59.2,57.8,1.97,56.0,3.1,8.0,2.62,98.9,9.4,69.2,21.2,0.2
GLOBAL,S3,29,1865.0,production table (per hen housed),,,114.0,,,,,97.5,59.8,58.2,1.96,62.0,3.5,8.8,2.54,98.8,7.9,67.3,24.6,0.3
GLOBAL,S3,30,1872.0,production table (per hen housed),,,114.0,,,,,97.4,60.2,58.6,1.95,69.0,3.9,9.6,2.48,98.8,6.8,65.4,27.4,0.4
GLOBAL,S3,31,1880.0,production table (per hen housed),,,114.0,,,,,97.3,60.5,58.8,1.94,76.0,4.3,10.4,2.43,98.7,6.1,63.8,29.6,0.5
GLOBAL,S3,32,1885.0,production table (per hen housed),,,114.0,,,,,97.2,60.7,59.0,1.93,83.0,4.7,11.2,2.38,98.6,5.6,62.4,31.5,0.6
GLOBAL,S3,33,1890.0,production table (per hen housed),,,114.0,,,,,97.0,60.9,59.1,1.93,89.0,5.1,11.9,2.35,98.5,5.2,61.2,33.0,0.7
GLOBAL,S3,34,1893.0,production table (per hen housed),,,114.0,,,,,96.9,61.1,59.2,1.92,96.0,5.5,12.7,2.32,98.4,4.9,60.2,34.2,0.8
GLOBAL,S3,35,1895.0,production table (per hen housed),,,114.0,,,,,96.8,61.3,59.3,1.92,103.0,5.9,13.5,2.29,98.3,4.6,59.3,35.3,0.8
GLOBAL,S3,36,1897.0,production table (per hen housed),,,114.0,,,,,96.6,61.4,59.3,1.92,109.0,6.3,14.3,2.27,98.2,4.4,58.5,36.3,0.9
GLOBAL,S3,37,1899.0,production table (per hen housed),,,114.0,,,,,96.4,61.5,59.3,1.92,116.0,6.7,15.1,2.24,98.1,4.2,57.7,37.2,1.0
GLOBAL,S3,38,1900.0,production table (per hen housed),,,114.0,,,,,96.2,61.6,59.2,1.92,122.0,7.1,15.9,2.23,98.0,4.0,57.1,37.8,1.0
GLOBAL,S3,39,1900.0,production table (per hen housed),,,114.0,,,,,96.1,61.7,59.3,1.92,129.0,7.5,16.6,2.21,97.9,3.9,56.5,38.5,1.1
GLOBAL,S3,40,1900.0,production table (per hen housed),,,114.0,,,,,95.9,61.8,59.2,1.92,136.0,7.9,17.4,2.2,97.8,3.8,55.8,39.2,1.2
GLOBAL,S3,41,1900.0,production table (per hen housed),,,114.0,,,,,95.7,61.9,59.2,1.93,142.0,8.3,18.2,2.18,97.7,3.7,55.4,39.7,1.2
GLOBAL,S3,42,1900.0,production table (per hen housed),,,114.0,,,,,95.5,61.9,59.1,1.93,149.0,8.7,19.0,2.17,97.6,3.6,55.2,39.9,1.2
GLOBAL,S3,43,1900.0,production table (per hen housed),,,114.0,,,,,95.3,61.9,59.0,1.93,155.0,9.1,19.8,2.16,97.5,3.6,55.2,40.0,1.2
GLOBAL,S3,44,1900.0,production table (per hen housed),,,114.0,,,,,95.0,61.9,58.9,1.94,162.0,9.5,20.5,2.15,97.4,3.6,55.0,40.1,1.3
GLOBAL,S3,45,1900.0,production table (per hen housed),,,114.0,,,,,94.8,61.9,58.7,1.94,168.0,9.9,21.3,2.14,97.3,3.6,55.0,40.2,1.3
GLOBAL,S3,46,1900.0,production table (per hen housed),,,114.0,,,,,94.6,62.0,58.6,1.94,174.0,10.3,22.1,2.13,97.2,3.5,54.8,40.4,1.3
GLOBAL,S3,47,1900.0,production table (per hen housed),,,114.0,,,,,94.4,62.0,58.5,1.95,181.0,10.7,22.9,2.13,97.1,3.5,54.6,40.6,1.3
GLOBAL,S3,48,1900.0,production table (per hen housed),,,114.0,,,,,94.1,62.0,58.4,1.95,187.0,11.1,23.6,2.12,97.0,3.5,54.4,40.8,1.3
GLOBAL,S3,49,1900.0,production table (per hen housed),,,114.0,,,,,93.8,62.0,58.2,1.96,194.0,11.5,24.4,2.12,96.9,3.4,54.2,41.0,1.4
GLOBAL,S3,50,1900.0,production table (per hen housed),,,114.0,,,,,93.4,62.1,58.0,1.97,200.0,11.9,25.2,2.11,96.8,3.4,54.1,41.2,1.4
GLOBAL,S3,51,1900.0,production table (per hen housed),,,114.0,,,,,93.1,62.1,57.8,1.97,206.0,12.3,26.0,2.11,96.7,3.4,53.9,41.4,1.4
GLOBAL,S3,52,1900.0,production table (per hen housed),,,114.0,,,,,92.9,62.1,57.7,1.98,213.0,12.7,26.7,2.1,96.6,3.3,53.7,41.6,1.4
GLOBAL,S3,53,1900.0,production table (per hen housed),,,114.0,,,,,92.6,62.1,57.5,1.98,219.0,13.1,27.5,2.1,96.5,3.3,53.5,41.7,1.5
GLOBAL,S3,54,1900.0,production table (per hen housed),,,114.0,,,,,92.3,62.2,57.4,1.99,225.0,13.5,28.3,2.1,96.4,3.3,53.3,41.9,1.5
GLOBAL,S3,55,1900.0,production table (per hen housed),,,114.0,,,,,92.0,62.2,57.3,1.99,231.0,13.9,29.0,2.09,96.4,3.2,53.1,42.1,1.5
GLOBAL,S3,56,1900.0,production table (per hen housed),,,114.0,,,,,91.8,62.2,57.1,2.0,237.0,14.3,29.8,2.09,96.3,3.2,53.0,42.3,1.5
GLOBAL,S3,57,1900.0,production table (per hen housed),,,114.0,,,,,91.5,62.3,57.0,2.0,244.0,14.6,30.6,2.09,96.2,3.2,52.8,42.5,1.5
GLOBAL,S3,58,1900.0,production table (per hen housed),,,114.0,,,,,91.2,62.3,56.8,2.01,250.0,15.0,31.3,2.09,96.1,3.1,52.6,42.7,1.6
GLOBAL,S3,59,1900.0,production table (per hen housed),,,114.0,,,,,90.9,62.3,56.6,2.01,256.0,15.4,32.1,2.08,96.0,3.1,52.4,42.9,1.6
GLOBAL,S3,60,1900.0,production table (per hen housed),,,114.0,,,,,90.6,62.3,56.5,2.02,262.0,15.8,32.9,2.08,95.9,3.1,52.2,43.1,1.6
GLOBAL,S3,61,1900.0,production table (per hen housed),,,114.0,,,,,90.3,62.4,56.3,2.02,268.0,16.2,33.6,2.08,95.8,3.0,52.1,43.3,1.7
GLOBAL,S3,62,1900.0,production table (per hen housed),,,114.0,,,,,90.1,62.4,56.2,2.03,274.0,16.5,34.4,2.08,95.7,3.0,51.9,43.5,1.7
GLOBAL,S3,63,1900.0,production table (per hen housed),,,114.0,,,,,89.8,62.4,56.1,2.03,280.0,16.9,35.2,2.08,95.6,3.0,51.7,43.6,1.7
GLOBAL,S3,64,1900.0,production table (per hen housed),,,114.0,,,,,89.5,62.4,55.9,2.04,286.0,17.3,35.9,2.08,95.5,2.9,51.5,43.8,1.7
GLOBAL,S3,65,1900.0,production table (per hen housed),,,114.0,,,,,89.2,62.5,55.8,2.04,292.0,17.7,36.7,2.08,95.4,2.9,51.3,44.0,1.8
GLOBAL,S3,66,1900.0,production table (per hen housed),,,114.0,,,,,88.9,62.5,55.6,2.05,298.0,18.0,37.4,2.08,95.3,2.9,51.1,44.2,1.8
GLOBAL,S3,67,1900.0,production table (per hen housed),,,114.0,,,,,88.6,62.5,55.4,2.06,304.0,18.4,38.2,2.08,95.2,2.8,50.9,44.4,1.8
GLOBAL,S3,68,1900.0,production table (per hen housed),,,114.0,,,,,88.3,62.6,55.3,2.06,310.0,18.8,39.0,2.08,95.1,2.8,50.8,44.6,1.8
GLOBAL,S3,69,1900.0,production table (per hen housed),,,114.0,,,,,88.0,62.6,55.1,2.07,316.0,19.1,39.7,2.08,95.0,2.8,50.6,44.8,1.9
GLOBAL,S3,70,1900.0,production table (per hen housed),,,114.0,,,,,87.7,62.6,54.9,2.08,321.0,19.5,40.5,2.08,94.9,2.8,50.4,45.0,1.9
GLOBAL,S3,71,1900.0,production table (per hen housed),,,114.0,,,,,87.4,62.6,54.8,2.08,327.0,19.9,41.2,2.08,94.8,2.7,50.2,45.1,1.9
GLOBAL,S3,72,1900.0,production table (per hen housed),,,114.0,,,,,87.1,62.7,54.6,2.09,333.0,20.2,42.0,2.08,94.7,2.7,50.0,45.3,2.0
GLOBAL,S3,73,1900.0,production table (per hen housed),,,114.0,,,,,86.8,62.7,54.4,2.1,339.0,20.6,42.7,2.08,94.6,2.7,49.8,45.5,2.0
GLOBAL,S3,74,1900.0,production table (per hen housed),,,114.0,,,,,86.5,62.7,54.2,2.1,344.0,20.9,43.5,2.08,94.5,2.6,49.6,45.7,2.0
GLOBAL,S3,75,1900.0,production table (per hen housed),,,114.0,,,,,86.2,62.7,54.1,2.11,350.0,21.3,44.3,2.08,94.4,2.6,49.5,45.9,2.0
GLOBAL,S3,76,1900.0,production table (per hen housed),,,114.0,,,,,85.9,62.8,53.9,2.12,356.0,21.7,45.0,2.08,94.3,2.6,49.3,46.1,2.1
GLOBAL,S3,77,1900.0,production table (per hen housed),,,114.0,,,,,85.5,62.8,53.7,2.12,361.0,22.0,45.8,2.08,94.2,2.6,49.1,46.2,2.1
GLOBAL,S3,78,1900.0,production table (per hen housed),,,114.0,,,,,85.2,62.8,53.5,2.13,367.0,22.4,46.5,2.08,94.1,2.5,48.9,46.4,2.1
GLOBAL,S3,79,1900.0,production table (per hen housed),,,114.0,,,,,84.9,62.8,53.4,2.14,373.0,22.7,47.3,2.08,94.0,2.5,48.7,46.6,2.2
GLOBAL,S3,80,1900.0,production table (per hen housed),,,114.0,,,,,84.6,62.9,53.2,2.14,378.0,23.1,48.0,2.08,94.0,2.5,48.5,46.8,2.2
GLOBAL,S3,81,1900.0,production table (per hen housed),,,114.0,,,,,84.3,62.9,53.0,2.15,384.0,23.4,48.8,2.08,93.9,2.5,48.3,47.0,2.2
GLOBAL,S3,82,1900.0,production table (per hen housed),,,114.0,,,,,84.0,62.9,52.8,2.16,389.0,23.8,49.5,2.08,93.8,2.4,48.1,47.2,2.3
GLOBAL,S3,83,1900.0,production table (per hen housed),,,114.0,,,,,83.6,63.0,52.7,2.16,395.0,24.1,50.3,2.08,93.7,2.4,48.0,47.3,2.3
GLOBAL,S3,84,1900.0,production table (per hen housed),,,114.0,,,,,83.3,63.0,52.5,2.17,400.0,24.4,51.0,2.09,93.6,2.4,47.8,47.5,2.3
GLOBAL,S3,85,1900.0,production table (per hen housed),,,114.0,,,,,83.0,63.0,52.3,2.18,406.0,24.8,51.7,2.09,93.5,2.4,47.6,47.7,2.4
GLOBAL,S3,86,1900.0,production table (per hen housed),,,114.0,,,,,82.7,63.0,52.1,2.19,411.0,25.1,52.5,2.09,93.4,2.3,47.4,47.9,2.4
GLOBAL,S3,87,1900.0,production table (per hen housed),,,114.0,,,,,82.4,63.1,51.9,2.19,416.0,25.5,53.2,2.09,93.3,2.3,47.2,48.0,2.4
GLOBAL,S3,88,1900.0,production table (per hen housed),,,114.0,,,,,82.0,63.1,51.8,2.2,422.0,25.8,54.0,2.09,93.2,2.3,47.0,48.2,2.5
GLOBAL,S3,89,1900.0,production table (per hen housed),,,114.0,,,,,81.7,63.1,51.6,2.21,427.0,26.1,54.7,2.09,93.1,2.3,46.8,48.4,2.5
GLOBAL,S3,90,1900.0,production table (per hen housed),,,114.0,,,,,81.4,63.1,51.4,2.22,432.0,26.5,55.5,2.09,93.0,2.2,46.6,48.6,2.6
GLOBAL,S3,91,1900.0,production table (per hen housed),,,114.0,,,,,81.1,63.2,51.2,2.23,438.0,26.8,56.2,2.1,92.9,2.2,46.5,48.8,2.6
GLOBAL,S3,92,1900.0,production table (per hen housed),,,114.0,,,,,80.7,63.2,51.0,2.23,443.0,27.1,56.9,2.1,92.8,2.2,46.3,48.9,2.6
GLOBAL,S3,93,1900.0,production table (per hen housed),,,114.0,,,,,80.4,63.2,50.8,2.24,448.0,27.5,57.7,2.1,92.7,2.2,46.1,49.1,2.7
GLOBAL,S3,94,1900.0,production table (per hen housed),,,114.0,,,,,80.1,63.3,50.7,2.25,453.0,27.8,58.4,2.1,92.6,2.1,45.9,49.3,2.7
GLOBAL,S3,95,1900.0,production table (per hen housed),,,114.0,,,,,79.8,63.3,50.5,2.26,459.0,28.1,59.2,2.1,92.5,2.1,45.7,49.4,2.7
GLOBAL,S3,96,1900.0,production table (per hen housed),,,114.0,,,,,79.4,63.3,50.3,2.27,464.0,28.5,59.9,2.11,92.4,2.1,45.5,49.6,2.8
GLOBAL,S3,97,1900.0,production table (per hen housed),,,114.0,,,,,79.1,63.3,50.1,2.28,469.0,28.8,60.6,2.11,92.3,2.1,45.3,49.8,2.8
GLOBAL,S3,98,1900.0,production table (per hen housed),,,114.0,,,,,78.8,63.4,49.9,2.28,474.0,29.1,61.4,2.11,92.2,2.1,45.1,50.0,2.9
GLOBAL,S3,99,1900.0,production table (per hen housed),,,114.0,,,,,78.5,63.4,49.7,2.29,479.0,29.4,62.1,2.11,92.1,2.0,44.9,50.1,2.9
GLOBAL,S3,100,1900.0,production table (per hen housed),,,114.0,,,,,78.1,63.4,49.5,2.3,484.0,29.7,62.8,2.11,92.0,2.0,44.8,50.3,2.9
